datetime,Actual,Predicted
2024-05-24 00:00:00,102.34892606345353,94.68364747551743
2024-05-24 01:00:00,89.7609701724936,94.84514565673321
2024-05-24 02:00:00,103.63966719686941,102.08658121376595
2024-05-24 03:00:00,100.81199735178868,97.52299746887851
2024-05-24 04:00:00,112.13229005761876,118.21031644766943
2024-05-24 05:00:00,122.39937121474615,128.17908529020934
2024-05-24 06:00:00,122.53407847362178,120.66676551319287
2024-05-24 07:00:00,137.15088022556165,124.41930098915782
2024-05-24 08:00:00,132.34568427706617,130.0851063139395
2024-05-24 09:00:00,117.83291911793087,125.27584176274623
2024-05-24 10:00:00,127.2393020149459,127.49654725570338
2024-05-24 11:00:00,138.86128382911892,127.37668289350266
2024-05-24 12:00:00,123.10388615617583,122.70560120351432
2024-05-24 13:00:00,117.74563116515759,120.27723822834626
2024-05-24 14:00:00,127.91569599132666,124.7873763683016
2024-05-24 15:00:00,133.7175439426822,127.38389297905196
2024-05-24 16:00:00,128.92900898041202,131.85341847681696
2024-05-24 17:00:00,138.60618048479785,136.88316503533602
2024-05-24 18:00:00,129.44063326228564,130.58008296970561
2024-05-24 19:00:00,131.84408589692418,126.05327464434647
2024-05-24 20:00:00,110.11002313603638,110.98573960016556
2024-05-24 21:00:00,117.93936247207937,113.51855581198699
2024-05-24 22:00:00,86.9720339857471,94.48979202907043
2024-05-24 23:00:00,89.71270331465594,88.91265524906868
2024-05-25 00:00:00,83.39607551269509,77.19747315937022
2024-05-25 01:00:00,71.23929225571769,78.544512232848
2024-05-25 02:00:00,89.61862090066036,87.13477657448108
2024-05-25 03:00:00,94.00625506200562,93.97203044562717
2024-05-25 04:00:00,101.27076978934583,96.24822520822545
2024-05-25 05:00:00,101.89086816430626,106.13123695132565
2024-05-25 06:00:00,119.47296979481234,122.5413085867088
2024-05-25 07:00:00,123.72636463020065,118.45308891591607
2024-05-25 08:00:00,120.39265301854181,117.84566491003
2024-05-25 09:00:00,109.74725812860352,117.71162997035009
2024-05-25 10:00:00,128.16333332173056,117.66932742027933
2024-05-25 11:00:00,118.61153632300986,118.98205372250692
2024-05-25 12:00:00,112.08686270346166,116.2092137019677
2024-05-25 13:00:00,112.81083645913252,113.09895074141707
2024-05-25 14:00:00,110.52750605077338,113.13201696944571
2024-05-25 15:00:00,111.99075829105978,113.39459036832261
2024-05-25 16:00:00,117.17935681977673,117.76415356561878
2024-05-25 17:00:00,121.40209226856224,123.87342908761846
2024-05-25 18:00:00,113.85778547233575,117.97715195755634
2024-05-25 19:00:00,118.55819838375831,115.34181809211498
2024-05-25 20:00:00,92.46679369659508,101.15512968897721
2024-05-25 21:00:00,92.59403138034483,98.59396238318506
2024-05-25 22:00:00,86.61068820073753,82.30727271850472
2024-05-25 23:00:00,85.1575989940013,79.43016002598286
2024-05-26 00:00:00,75.90760547493151,77.54993067240356
2024-05-26 01:00:00,81.29449347588098,76.02289157359566
2024-05-26 02:00:00,96.98157340240607,90.56380037446947
2024-05-26 03:00:00,99.62755533107574,96.28102538282285
2024-05-26 04:00:00,102.77528792023664,105.52234571839278
2024-05-26 05:00:00,99.38277491532955,106.57219574443869
2024-05-26 06:00:00,107.56636866570847,122.53011391142803
2024-05-26 07:00:00,110.7736933518051,110.03394800563038
2024-05-26 08:00:00,133.6012733575113,126.20969666427929
2024-05-26 09:00:00,105.99503795876312,116.99984425068628
2024-05-26 10:00:00,125.6748995603783,117.1625624418943
2024-05-26 11:00:00,115.73900251366773,122.00594890769037
2024-05-26 12:00:00,111.37308561791855,113.19832369794567
2024-05-26 13:00:00,116.0089681582985,113.23935209509959
2024-05-26 14:00:00,108.10011616460868,114.09007938350221
2024-05-26 15:00:00,131.43270365569995,129.6399901821886
2024-05-26 16:00:00,116.88196244921903,116.04176619512631
2024-05-26 17:00:00,136.78237867729894,128.82771038728742
2024-05-26 18:00:00,123.50490986003922,122.9753778390479
2024-05-26 19:00:00,103.96123310691875,108.80686136460207
2024-05-26 20:00:00,114.85129506228112,105.19598177082499
2024-05-26 21:00:00,104.18221916149965,99.35430753320412
2024-05-26 22:00:00,82.53792931429197,88.56224208142929
2024-05-26 23:00:00,86.79760043553497,84.70507842358815
2024-05-27 00:00:00,83.95840923494303,84.73981652126103
2024-05-27 01:00:00,89.79700790671099,91.71716151862033
2024-05-27 02:00:00,120.10970479893561,104.35253254262663
2024-05-27 03:00:00,117.00192418512596,117.00956376448886
2024-05-27 04:00:00,101.1334580469469,114.89077362849241
2024-05-27 05:00:00,108.59675166227771,110.0630985995647
2024-05-27 06:00:00,123.31735707156673,129.2485484282277
2024-05-27 07:00:00,132.79498542869308,133.90883976812353
2024-05-27 08:00:00,122.60881888479001,132.98754783392903
2024-05-27 09:00:00,121.93408633168487,129.0356293876703
2024-05-27 10:00:00,122.15124564763923,132.10914402515226
2024-05-27 11:00:00,129.23161223590722,126.74345077406608
2024-05-27 12:00:00,126.47746141191105,127.58705270460158
2024-05-27 13:00:00,129.11785912636867,125.91089592375745
2024-05-27 14:00:00,120.08015785147035,120.96746568196505
2024-05-27 15:00:00,127.91157768934673,134.65413556204845
2024-05-27 16:00:00,127.15626776647574,126.81364717221037
2024-05-27 17:00:00,138.83574338223917,129.34929790898306
2024-05-27 18:00:00,126.11073391373816,124.42220846855902
2024-05-27 19:00:00,112.3621992662963,110.38119187047863
2024-05-27 20:00:00,112.56820046165149,116.9686096121835
2024-05-27 21:00:00,100.64008166734575,102.68005089936943
2024-05-27 22:00:00,99.92247103965637,98.13236286305506
2024-05-27 23:00:00,98.03322776465626,97.28094898703986
2024-05-28 00:00:00,93.2173726859457,95.05742547575684
2024-05-28 01:00:00,111.20917880823369,111.38421837415098
2024-05-28 02:00:00,94.33800249760746,97.01430029001051
2024-05-28 03:00:00,108.23042190556457,109.13112018326288
2024-05-28 04:00:00,111.74047371798977,115.82342457957397
2024-05-28 05:00:00,118.99101860165243,117.64585403944396
2024-05-28 06:00:00,117.6924707180106,120.34033744006734
2024-05-28 07:00:00,120.06282770273768,117.92767521261734
2024-05-28 08:00:00,131.96888646464635,125.03943427159844
2024-05-28 09:00:00,134.96414958356874,128.57965111426248
2024-05-28 10:00:00,112.50173160326908,122.39519462551593
2024-05-28 11:00:00,136.49311100881917,128.27319822356532
2024-05-28 12:00:00,137.01862013301695,128.47440919298487
2024-05-28 13:00:00,124.40058411166773,121.13157602717514
2024-05-28 14:00:00,128.01935377309667,123.56953867739854
2024-05-28 15:00:00,127.0630705012063,124.2404891952937
2024-05-28 16:00:00,136.8411173352864,130.83414634340056
2024-05-28 17:00:00,120.83280266658923,128.6126311972379
2024-05-28 18:00:00,122.05777767451802,128.39720644114288
2024-05-28 19:00:00,115.23293716408112,109.42444631651298
2024-05-28 20:00:00,101.740895947089,110.93101695904838
2024-05-28 21:00:00,110.18425793047396,97.48792689921272
2024-05-28 22:00:00,107.45388142103737,102.1811160419521
2024-05-28 23:00:00,86.15541474479193,84.83636143745227
2024-05-29 00:00:00,84.16586435353642,82.67294815759008
2024-05-29 01:00:00,91.09880859338583,92.17829485005619
2024-05-29 02:00:00,96.18322511061749,93.56273465220337
2024-05-29 03:00:00,101.16384794035764,98.09327598672789
2024-05-29 04:00:00,125.2451445683985,122.8913483326635
2024-05-29 05:00:00,123.29957357839537,124.60131265479848
2024-05-29 06:00:00,136.8178040281103,130.39518377225943
2024-05-29 07:00:00,122.58702854302499,120.65254107908959
2024-05-29 08:00:00,126.47208661480227,128.63712624001658
2024-05-29 09:00:00,130.5620756447141,125.46379408215553
2024-05-29 10:00:00,119.73024068340224,126.14062805687001
2024-05-29 11:00:00,123.06114778010372,124.09706476710355
2024-05-29 12:00:00,135.8530151132739,128.65059436914652
2024-05-29 13:00:00,116.65477551929246,121.01192919652833
2024-05-29 14:00:00,121.88967490230586,122.4726723746846
2024-05-29 15:00:00,129.1922795924977,126.74686458985533
2024-05-29 16:00:00,115.6503300698696,121.22469153747487
2024-05-29 17:00:00,137.8251137986861,133.41828500039722
2024-05-29 18:00:00,120.42131465001997,119.27931292423273
2024-05-29 19:00:00,113.33363294811204,115.61752950557404
2024-05-29 20:00:00,130.525903545,116.41572955313643
2024-05-29 21:00:00,96.1500901780201,104.52042833299842
2024-05-29 22:00:00,98.34392665520829,90.19570098610109
2024-05-29 23:00:00,84.00171671919342,86.06426379660032
2024-05-30 00:00:00,80.62663354502482,80.17021233511994
2024-05-30 01:00:00,91.57048356031108,91.08860677283874
2024-05-30 02:00:00,113.49452740086713,105.07177466801944
2024-05-30 03:00:00,110.46511497399814,105.95661187885624
2024-05-30 04:00:00,123.55210257985485,117.11716892698196
2024-05-30 05:00:00,128.2777445748335,114.17458128517652
2024-05-30 06:00:00,119.8533062876698,122.30877147202727
2024-05-30 07:00:00,128.56622793229906,133.6257087375612
2024-05-30 08:00:00,124.66712567082777,123.28118552528123
2024-05-30 09:00:00,126.9469168401553,129.50173431143455
2024-05-30 10:00:00,134.7999677046223,127.27977519900246
2024-05-30 11:00:00,122.18365327866563,127.70843133539947
2024-05-30 12:00:00,135.76671436261017,125.14801243589748
2024-05-30 13:00:00,126.60737977757553,121.06479847256587
2024-05-30 14:00:00,113.11570113193011,120.71121105413562
2024-05-30 15:00:00,122.27785381657353,125.17291666176332
2024-05-30 16:00:00,140.48056743420858,144.29449854624966
2024-05-30 17:00:00,138.09277705145894,125.5272271972818
2024-05-30 18:00:00,115.1649975544555,119.67346302595912
2024-05-30 19:00:00,120.91641987357251,117.4587525633563
2024-05-30 20:00:00,111.27823298870668,123.15651405350934
2024-05-30 21:00:00,102.79720979849705,99.88580147542622
2024-05-30 22:00:00,110.4513604573901,103.16226266969188
2024-05-30 23:00:00,84.36448410849297,91.06903130187497
2024-05-31 00:00:00,92.13371551235103,98.73135348848031
2024-05-31 01:00:00,90.64356999732452,92.76528543318801
2024-05-31 02:00:00,92.80479043936471,93.51218548753869
2024-05-31 03:00:00,112.8270937420758,107.92082919418449
2024-05-31 04:00:00,99.68948728178366,101.43098586400832
2024-05-31 05:00:00,110.47905043580505,112.32557862196043
2024-05-31 06:00:00,115.37719408352754,125.47119263709892
2024-05-31 07:00:00,124.1500590719867,119.37306700087191
2024-05-31 08:00:00,127.16626046717312,127.59661720514394
2024-05-31 09:00:00,128.1330556295889,132.9193198880573
2024-05-31 10:00:00,133.07672398651826,130.44427229242365
2024-05-31 11:00:00,134.5820552359917,127.56121610018127
2024-05-31 12:00:00,122.04705696224383,124.51779755462186
2024-05-31 13:00:00,123.53918072367298,120.28827206133131
2024-05-31 14:00:00,126.98521964842459,124.58983907978752
2024-05-31 15:00:00,121.1855088699213,126.73265607347011
2024-05-31 16:00:00,144.23873239942762,132.92622346485422
2024-05-31 17:00:00,129.34887700224394,126.26481861596916
2024-05-31 18:00:00,135.73036997206142,131.22076860836935
2024-05-31 19:00:00,125.84564099545356,123.7404476578909
2024-05-31 20:00:00,117.50766377717643,118.38291565095744
2024-05-31 21:00:00,113.60549600372141,108.52063910635968
2024-05-31 22:00:00,94.93579036980502,95.14560798270747
2024-05-31 23:00:00,80.8628883418573,84.31887043556466
2024-06-01 00:00:00,82.43249709280364,85.53981390289556
2024-06-01 01:00:00,79.43357724213584,86.61525961935435
2024-06-01 02:00:00,89.73153902745314,93.31234493668764
2024-06-01 03:00:00,92.09312497606746,96.92635870836516
2024-06-01 04:00:00,109.68616464181032,105.26074614652647
2024-06-01 05:00:00,111.38770489255211,105.44619086061019
2024-06-01 06:00:00,118.13683229134797,114.76010770068906
2024-06-01 07:00:00,124.64511235618531,118.30126296412762
2024-06-01 08:00:00,117.46335324410991,119.96261841845501
2024-06-01 09:00:00,106.7403779649285,116.95914963405752
2024-06-01 10:00:00,116.90951288580884,116.85560442001237
2024-06-01 11:00:00,132.3955915630663,123.24493396156134
2024-06-01 12:00:00,114.1556269976246,115.83424755490483
2024-06-01 13:00:00,111.54326958462886,112.73919464175071
2024-06-01 14:00:00,119.60899992241971,113.91685615125157
2024-06-01 15:00:00,119.9590017721889,115.93887032011362
2024-06-01 16:00:00,111.31417915561474,113.08880386620388
2024-06-01 17:00:00,123.67507791482362,130.45235070713443
2024-06-01 18:00:00,117.25306523339577,112.66660600284209
2024-06-01 19:00:00,114.0810805162928,111.66529779711085
2024-06-01 20:00:00,107.61976894059354,100.72306187376098
2024-06-01 21:00:00,102.79229577736523,97.95637044138783
2024-06-01 22:00:00,88.32232323664886,84.65565926923676
2024-06-01 23:00:00,83.45414432310208,79.69777962153601
2024-06-02 00:00:00,70.27149206653506,77.78722153900452
2024-06-02 01:00:00,82.20281297690023,90.28031490109306
2024-06-02 02:00:00,87.73964824976383,90.94820031292116
2024-06-02 03:00:00,99.98959072604069,96.12449307235426
2024-06-02 04:00:00,111.32934737049035,103.93427690044581
2024-06-02 05:00:00,108.84203026155843,109.4633408254482
2024-06-02 06:00:00,124.3021514566915,122.11167461619343
2024-06-02 07:00:00,114.8266375249912,113.83373482549464
2024-06-02 08:00:00,116.66675007883288,118.29411793393159
2024-06-02 09:00:00,122.50318529925131,120.27747096768144
2024-06-02 10:00:00,110.99550220478973,121.31152708780103
2024-06-02 11:00:00,122.19149166089667,117.95077115474797
2024-06-02 12:00:00,122.58448342182228,114.34385710796592
2024-06-02 13:00:00,113.91401072526243,112.59615866787718
2024-06-02 14:00:00,111.4433743426398,115.48208977374108
2024-06-02 15:00:00,106.02169762191836,116.63053601553203
2024-06-02 16:00:00,113.26528575379463,116.32612800727428
2024-06-02 17:00:00,121.1909249843744,116.91257302198763
2024-06-02 18:00:00,110.41358902733103,115.51964496428509
2024-06-02 19:00:00,108.3426087218251,107.65319081646861
2024-06-02 20:00:00,100.59159527200416,98.49385378401051
2024-06-02 21:00:00,93.06788295435332,86.79956531875601
2024-06-02 22:00:00,68.85942037497351,80.95596394458063
2024-06-02 23:00:00,69.83234867076204,76.39381040866833
2024-06-03 00:00:00,85.79764847275725,83.04611791719424
2024-06-03 01:00:00,99.17586280858995,95.89020155880807
2024-06-03 02:00:00,107.11181042945553,104.40750136028483
2024-06-03 03:00:00,107.10489923938268,105.58048773672297
2024-06-03 04:00:00,115.23889713764947,118.80814868691161
2024-06-03 05:00:00,123.13092657437683,125.01332864638086
2024-06-03 06:00:00,114.27674906252419,121.5290824295052
2024-06-03 07:00:00,126.12813187672413,123.80775953187002
2024-06-03 08:00:00,123.84631586138639,129.7587739673929
2024-06-03 09:00:00,136.14229574860792,131.54776548496696
2024-06-03 10:00:00,128.41643112185298,127.63989032208738
2024-06-03 11:00:00,134.6484027533539,133.22790090801558
2024-06-03 12:00:00,123.65729038439869,126.87512016926367
2024-06-03 13:00:00,113.76756633360141,120.22300026706314
2024-06-03 14:00:00,128.9412838374524,128.52119409709647
2024-06-03 15:00:00,134.42523079445817,133.43058585316328
2024-06-03 16:00:00,118.22097536098445,130.2517468380899
2024-06-03 17:00:00,140.46648363505852,137.46386940045014
2024-06-03 18:00:00,127.05859979190967,122.80129295832494
2024-06-03 19:00:00,125.4513853083081,121.22752349074084
2024-06-03 20:00:00,99.58380037465517,104.76511600672366
2024-06-03 21:00:00,96.42021231344259,95.3006875935172
2024-06-03 22:00:00,93.12642249912759,94.6405636502431
2024-06-03 23:00:00,87.09950690272792,85.07830828799224
2024-06-04 00:00:00,102.85793861304153,92.0897799908556
2024-06-04 01:00:00,108.01031666449622,103.28693965910009
2024-06-04 02:00:00,94.41382624128367,96.67904727197542
2024-06-04 03:00:00,94.4628511151903,96.96500259825609
2024-06-04 04:00:00,112.46964495587447,110.88622057448224
2024-06-04 05:00:00,111.98531319249979,118.69854132580542
2024-06-04 06:00:00,123.72260054258352,123.51451321752677
2024-06-04 07:00:00,134.73917912921527,132.4675759976961
2024-06-04 08:00:00,126.85425352302319,124.06185939261333
2024-06-04 09:00:00,122.12275356794842,123.94451781254274
2024-06-04 10:00:00,135.76422442255918,133.86069220263784
2024-06-04 11:00:00,122.9930054910484,124.78320235826044
2024-06-04 12:00:00,122.60282724676439,121.29103453663241
2024-06-04 13:00:00,116.30905392508376,120.2838258685806
2024-06-04 14:00:00,116.81073524244036,123.10682901120781
2024-06-04 15:00:00,130.41514509835292,126.72225340177118
2024-06-04 16:00:00,134.62637331475594,135.28856940369818
2024-06-04 17:00:00,122.45901654886396,128.45501321607605
2024-06-04 18:00:00,131.62864571675152,133.5751784066398
2024-06-04 19:00:00,132.42840400857494,128.83706457474756
2024-06-04 20:00:00,117.33761229223164,118.76956002381868
2024-06-04 21:00:00,114.26722051896417,102.84413217602952
2024-06-04 22:00:00,89.97693176154158,94.6796738655845
2024-06-04 23:00:00,85.92225146160577,86.64739816075733
2024-06-05 00:00:00,83.22841498440827,88.34355784501109
2024-06-05 01:00:00,93.36350573464821,93.84599972739841
2024-06-05 02:00:00,87.47105070295426,92.56278688769017
2024-06-05 03:00:00,99.71748360028492,108.93821434235223
2024-06-05 04:00:00,116.24167407680766,117.22885853140843
2024-06-05 05:00:00,109.64724589441484,110.00801423063493
2024-06-05 06:00:00,125.71322204372122,120.20858979752055
2024-06-05 07:00:00,139.12851501559152,126.61375282574572
2024-06-05 08:00:00,142.09221775600165,133.69668124767307
2024-06-05 09:00:00,124.2360322018503,127.85760747971658
2024-06-05 10:00:00,123.05970030053969,127.84419071235033
2024-06-05 11:00:00,117.4713531516668,120.69185454515926
2024-06-05 12:00:00,134.2604931664972,125.942268602664
2024-06-05 13:00:00,129.7313003380276,128.4468261376066
2024-06-05 14:00:00,116.97567023748945,123.2191205592999
2024-06-05 15:00:00,127.10169526659844,126.45930602068285
2024-06-05 16:00:00,133.6460116255619,132.1453673626173
2024-06-05 17:00:00,134.29544268518111,127.44575065647743
2024-06-05 18:00:00,130.56398852884237,131.0833071152105
2024-06-05 19:00:00,121.12520034868876,119.12138656174776
2024-06-05 20:00:00,101.65596646631803,115.00298461632023
2024-06-05 21:00:00,105.43236854310848,98.81266307590204
2024-06-05 22:00:00,104.18025724323441,96.71953598074528
2024-06-05 23:00:00,89.24061153260715,85.30076035265692
2024-06-06 00:00:00,89.32131296849533,92.85452146361769
2024-06-06 01:00:00,82.55511465112775,93.15190214323361
2024-06-06 02:00:00,112.95860224246316,105.42399215407671
2024-06-06 03:00:00,99.77052892684844,102.48785949427158
2024-06-06 04:00:00,109.12532594567757,110.72639220884875
2024-06-06 05:00:00,116.72707965351117,115.95487077421359
2024-06-06 06:00:00,121.20499698026681,113.88785856408467
2024-06-06 07:00:00,128.05998778733914,121.8071287729366
2024-06-06 08:00:00,117.29776173402713,122.56908819113507
2024-06-06 09:00:00,125.07716951823807,125.49179885364505
2024-06-06 10:00:00,126.04246133731877,122.95419294658036
2024-06-06 11:00:00,126.8314006303356,126.70555039851077
2024-06-06 12:00:00,119.29456036640902,124.31267976528902
2024-06-06 13:00:00,112.2186846776994,121.2810239975876
2024-06-06 14:00:00,124.10640155032675,124.96516690684122
2024-06-06 15:00:00,139.67931230966155,136.1161283788282
2024-06-06 16:00:00,127.5461714710328,131.4015431503428
2024-06-06 17:00:00,130.50543638989654,136.10967435278405
2024-06-06 18:00:00,122.33837227639955,126.51315974117534
2024-06-06 19:00:00,126.67599929089916,124.68605972567204
2024-06-06 20:00:00,112.04804591192763,115.67012535581306
2024-06-06 21:00:00,97.1192377224367,97.64470899991699
2024-06-06 22:00:00,98.81579063708979,88.27466224288317
2024-06-06 23:00:00,94.58049100422267,87.96561111581215
2024-06-07 00:00:00,83.41537841154587,92.7467188860137
2024-06-07 01:00:00,95.08659738484538,93.35904409298162
2024-06-07 02:00:00,96.15509043036667,102.70961309798766
2024-06-07 03:00:00,102.98984217383435,106.17614839683684
2024-06-07 04:00:00,112.55484291512872,109.4812665365296
2024-06-07 05:00:00,117.50287721421202,117.32985038131393
2024-06-07 06:00:00,118.68550590522842,118.24598007640002
2024-06-07 07:00:00,124.75722165038597,120.01508397629388
2024-06-07 08:00:00,123.68080632815652,123.18399151952016
2024-06-07 09:00:00,119.11851338835743,125.43406511091266
2024-06-07 10:00:00,120.76758850404599,124.19661238660449
2024-06-07 11:00:00,121.71139780222444,127.22713736553591
2024-06-07 12:00:00,116.08696901062575,120.71184048018236
2024-06-07 13:00:00,132.72645452886647,123.42115577152065
2024-06-07 14:00:00,120.86641338576096,123.01427175021949
2024-06-07 15:00:00,133.3718130604162,142.30504093225377
2024-06-07 16:00:00,129.79590455841517,127.893694264804
2024-06-07 17:00:00,126.18446425653981,126.25062271344
2024-06-07 18:00:00,131.49134718992812,131.8684026559018
2024-06-07 19:00:00,126.76879867686262,119.1806488161177
2024-06-07 20:00:00,121.17875965944879,113.64965405011642
2024-06-07 21:00:00,101.86297208535423,103.59104883616072
2024-06-07 22:00:00,99.20011244681594,105.19831909952129
2024-06-07 23:00:00,91.28094019697656,95.81894851296894
2024-06-08 00:00:00,82.63910408414768,76.16350630550158
2024-06-08 01:00:00,82.49257672314178,86.39878666210342
2024-06-08 02:00:00,79.04583401965621,91.44836884574457
2024-06-08 03:00:00,89.6974018190978,91.54329493163374
2024-06-08 04:00:00,92.14550170262686,100.39339452831017
2024-06-08 05:00:00,119.77363680517394,107.59590440523017
2024-06-08 06:00:00,107.44719528015116,114.74404516225351
2024-06-08 07:00:00,116.5749460813837,118.3484035295689
2024-06-08 08:00:00,117.0910727658455,117.50907527586527
2024-06-08 09:00:00,124.76934920189873,122.8565612937688
2024-06-08 10:00:00,112.66898130989514,117.11485489745999
2024-06-08 11:00:00,122.65954966753195,119.3862542777901
2024-06-08 12:00:00,128.36104333446997,117.83307628083247
2024-06-08 13:00:00,116.59012627104931,115.62992554047112
2024-06-08 14:00:00,123.40519052819185,114.0670382731636
2024-06-08 15:00:00,116.90457574829244,115.67531060486506
2024-06-08 16:00:00,117.87751808134527,113.27692176479592
2024-06-08 17:00:00,128.6813861675574,135.03734869903994
2024-06-08 18:00:00,124.10607776028189,123.73030016118517
2024-06-08 19:00:00,120.69347523991361,114.6516570072501
2024-06-08 20:00:00,96.8584205580907,101.38221066600045
2024-06-08 21:00:00,91.07493361463835,91.2833409674137
2024-06-08 22:00:00,92.51013277964455,91.32351410709245
2024-06-08 23:00:00,67.4888653929274,77.26016290443745
2024-06-09 00:00:00,75.92361595821886,77.52871972358527
2024-06-09 01:00:00,80.43202619418672,81.87703639125664
2024-06-09 02:00:00,90.29265471124927,94.9603308736916
2024-06-09 03:00:00,94.28573241434769,89.80240983010954
2024-06-09 04:00:00,104.56282971087764,117.02024625574059
2024-06-09 05:00:00,110.96779324259988,117.49765220318159
2024-06-09 06:00:00,119.42009447963333,117.62578790442358
2024-06-09 07:00:00,120.92432500243059,114.00419151349732
2024-06-09 08:00:00,118.34814932481116,119.6985924220802
2024-06-09 09:00:00,117.8690593297316,117.55276579418701
2024-06-09 10:00:00,120.87966495105162,121.43193628206295
2024-06-09 11:00:00,121.19817377035545,119.6890609169644
2024-06-09 12:00:00,115.85325634322847,117.90938135775464
2024-06-09 13:00:00,106.65187243283489,112.37968260101283
2024-06-09 14:00:00,117.36005669202225,116.48698858173708
2024-06-09 15:00:00,117.53919778709458,120.57359641132221
2024-06-09 16:00:00,133.04639463966862,126.380459636511
2024-06-09 17:00:00,121.56281766265855,114.13122161638607
2024-06-09 18:00:00,120.1968966865278,121.80945170107817
2024-06-09 19:00:00,107.01291369545591,111.51216620956197
2024-06-09 20:00:00,108.96405970220673,112.89212553532221
2024-06-09 21:00:00,93.8582339255359,101.16807662317296
2024-06-09 22:00:00,81.24290531274846,83.85655528276564
2024-06-09 23:00:00,71.00930970559644,80.2019182258181
2024-06-10 00:00:00,87.62769740321814,85.63740357547599
2024-06-10 01:00:00,96.86061316373275,91.35866821769547
2024-06-10 02:00:00,101.57241900279713,101.19429240468975
2024-06-10 03:00:00,111.91114588420527,117.94032152179061
2024-06-10 04:00:00,104.90148853289159,117.60803492512177
2024-06-10 05:00:00,125.2472240317006,121.51251015498354
2024-06-10 06:00:00,111.64686734458955,117.10570575319461
2024-06-10 07:00:00,127.84816004743561,125.44584803681892
2024-06-10 08:00:00,121.89270042017243,123.91588473308131
2024-06-10 09:00:00,127.1603118920518,124.57294644564573
2024-06-10 10:00:00,125.51696100256207,126.34493677986211
2024-06-10 11:00:00,133.7774766507466,132.0206438630053
2024-06-10 12:00:00,131.99932295631427,128.60581515079292
2024-06-10 13:00:00,132.09776491980625,121.23636753777326
2024-06-10 14:00:00,137.10573745124242,131.83812567205445
2024-06-10 15:00:00,130.0345587806417,127.65429659153577
2024-06-10 16:00:00,129.9786330788675,131.48853152543668
2024-06-10 17:00:00,127.2883028314425,128.05757547520955
2024-06-10 18:00:00,131.96898939980528,137.08887604580616
2024-06-10 19:00:00,123.51236186404489,127.46889981861612
2024-06-10 20:00:00,110.61027909679484,113.58229811473083
2024-06-10 21:00:00,105.58667599900676,101.17514874455627
2024-06-10 22:00:00,100.6246648161548,104.87881609868211
2024-06-10 23:00:00,92.74282117820695,87.97319090495772
2024-06-11 00:00:00,94.65496769180012,92.43913447781242
2024-06-11 01:00:00,99.00252819120107,96.74126336784647
2024-06-11 02:00:00,103.46588097851252,105.60922617068908
2024-06-11 03:00:00,105.9856030498536,107.884826751289
2024-06-11 04:00:00,109.18084654215134,107.9910490453779
2024-06-11 05:00:00,113.40646166392214,109.31814810804046
2024-06-11 06:00:00,117.01895390341393,121.57435401831707
2024-06-11 07:00:00,123.81296343662544,129.72262183765253
2024-06-11 08:00:00,139.63399900651683,133.9548066320227
2024-06-11 09:00:00,135.52862581442204,133.12119419622445
2024-06-11 10:00:00,126.54571010680279,131.1971634724565
2024-06-11 11:00:00,126.34385313865322,130.19172225479178
2024-06-11 12:00:00,117.74439297163417,121.21607250833684
2024-06-11 13:00:00,116.075077585279,121.7191395005464
2024-06-11 14:00:00,121.72693385892573,123.67087940564902
2024-06-11 15:00:00,132.87623956300067,135.21378981761367
2024-06-11 16:00:00,120.14328094140818,125.18367893651359
2024-06-11 17:00:00,128.6096029559183,134.46360106566152
2024-06-11 18:00:00,119.7289177349277,119.39951161761415
2024-06-11 19:00:00,129.69705928106265,124.19651172831358
2024-06-11 20:00:00,109.63963140696349,114.00960044416445
2024-06-11 21:00:00,114.47847442405791,111.36158687068922
2024-06-11 22:00:00,104.61677453172489,103.60310895719736
2024-06-11 23:00:00,80.02582917646727,91.86945338749021
2024-06-12 00:00:00,97.84548969436032,92.5589967326628
2024-06-12 01:00:00,93.45497232174208,95.6472195069519
2024-06-12 02:00:00,90.33124535708704,92.41100620405128
2024-06-12 03:00:00,97.92394124569178,106.43165169963778
2024-06-12 04:00:00,111.43328417209196,108.39575473259161
2024-06-12 05:00:00,120.20906491385702,118.59073511870128
2024-06-12 06:00:00,121.63974167415647,121.26361562112638
2024-06-12 07:00:00,118.91859276751414,126.36387704699969
2024-06-12 08:00:00,137.9903839363151,139.6524993323109
2024-06-12 09:00:00,130.30983819413646,131.5361524011057
2024-06-12 10:00:00,126.18154064335353,127.22748492848088
2024-06-12 11:00:00,119.63772128204702,122.28231692023473
2024-06-12 12:00:00,117.99332860500633,124.41323214469446
2024-06-12 13:00:00,117.7968243160695,121.88991385902766
2024-06-12 14:00:00,122.86510117166438,121.88020776440875
2024-06-12 15:00:00,125.43391753335433,127.10584411093943
2024-06-12 16:00:00,129.00812641950006,132.17367064605523
2024-06-12 17:00:00,127.5655479602846,127.26811861984937
2024-06-12 18:00:00,118.79155182382043,121.95323940332344
2024-06-12 19:00:00,115.52005124464662,114.2159397993439
2024-06-12 20:00:00,111.30730227444279,106.41491957861325
2024-06-12 21:00:00,92.90318223062573,97.9705724886654
2024-06-12 22:00:00,98.49463487983513,93.44917765471993
2024-06-12 23:00:00,83.26801676943047,86.52978179902532
2024-06-13 00:00:00,104.22292788025378,93.34641219599493
2024-06-13 01:00:00,87.74419129188033,92.79740891932724
2024-06-13 02:00:00,92.0208358712194,98.47269626050483
2024-06-13 03:00:00,96.28637890663772,104.75341017944965
2024-06-13 04:00:00,115.46636907148952,110.22807539292612
2024-06-13 05:00:00,121.7006214622578,121.85293025050868
2024-06-13 06:00:00,119.03185901830392,120.91339809127062
2024-06-13 07:00:00,122.5841440813143,114.25365652276476
2024-06-13 08:00:00,123.59331104834325,127.07433439726836
2024-06-13 09:00:00,135.22123338027967,132.98049796830892
2024-06-13 10:00:00,139.78737195161466,131.1188489830539
2024-06-13 11:00:00,131.60611036767887,133.65147459828447
2024-06-13 12:00:00,115.38752788952632,124.14219440716522
2024-06-13 13:00:00,127.211091393104,124.25551599377397
2024-06-13 14:00:00,116.60851410296043,121.51173365802397
2024-06-13 15:00:00,140.701632749283,133.06833103953875
2024-06-13 16:00:00,116.43632147840758,123.19206436967914
2024-06-13 17:00:00,142.7852927779134,126.86539675551683
2024-06-13 18:00:00,137.74012145440813,132.98565697812194
2024-06-13 19:00:00,120.89838994808038,124.44956921666177
2024-06-13 20:00:00,114.71542515268696,115.00958576224814
2024-06-13 21:00:00,109.96701964588935,105.67134899186617
2024-06-13 22:00:00,94.5024712487833,94.04552982035747
2024-06-13 23:00:00,90.03115039730723,85.79770049638148
2024-06-14 00:00:00,92.78212841459914,84.47056956983837
2024-06-14 01:00:00,103.48931829438871,106.42045547984436
2024-06-14 02:00:00,98.41295331472095,99.60183559173187
2024-06-14 03:00:00,107.96903144410376,109.84298622291426
2024-06-14 04:00:00,113.08086064155903,108.1931186888187
2024-06-14 05:00:00,121.1474933737316,118.71433375359385
2024-06-14 06:00:00,125.51196828416725,120.70969101336667
2024-06-14 07:00:00,120.99968954098145,116.06800106118752
2024-06-14 08:00:00,128.97174860764488,140.4677694657411
2024-06-14 09:00:00,138.3576168557026,134.39201050076565
2024-06-14 10:00:00,129.10686786363866,126.76204568118027
2024-06-14 11:00:00,130.94530345551823,122.9087393808801
2024-06-14 12:00:00,118.91537623338819,126.74615987662388
2024-06-14 13:00:00,128.5674620571741,121.27530192852528
2024-06-14 14:00:00,123.59870090180716,123.63742547988588
2024-06-14 15:00:00,130.98324672777483,126.78242320400608
2024-06-14 16:00:00,137.319532161817,127.24067146820748
2024-06-14 17:00:00,126.3575591240265,125.17984167990333
2024-06-14 18:00:00,126.66132542166957,125.24811052297024
2024-06-14 19:00:00,128.28425998283842,126.47009882873863
2024-06-14 20:00:00,104.92043015607682,110.18289384659383
2024-06-14 21:00:00,96.65577018761988,95.79237604467937
2024-06-14 22:00:00,97.18271984194668,93.99944456447678
2024-06-14 23:00:00,90.22297617290269,93.02755260322354
2024-06-15 00:00:00,69.71424850478712,75.10371055491451
2024-06-15 01:00:00,76.38666392367446,76.11613966600392
2024-06-15 02:00:00,92.15705951297792,92.15624085929713
2024-06-15 03:00:00,91.43713282971464,94.89821057496444
2024-06-15 04:00:00,112.54614641274767,114.96146755838336
2024-06-15 05:00:00,96.46511556857563,107.01832632760308
2024-06-15 06:00:00,113.7004347932701,104.96886911997223
2024-06-15 07:00:00,113.6016087442257,108.78919638836868
2024-06-15 08:00:00,108.54397407366434,115.90603858214554
2024-06-15 09:00:00,119.28256665358604,119.95414872418273
2024-06-15 10:00:00,109.7943166809647,114.8238186878092
2024-06-15 11:00:00,125.18969910857616,116.03245690476908
2024-06-15 12:00:00,115.38914822212992,112.52798491103059
2024-06-15 13:00:00,114.16267043173038,112.23014023596359
2024-06-15 14:00:00,115.94888553735903,111.8603873950928
2024-06-15 15:00:00,115.90023396045302,116.7107712936549
2024-06-15 16:00:00,118.5377953599409,122.35857935213016
2024-06-15 17:00:00,119.9411048663199,123.63752828061013
2024-06-15 18:00:00,116.23055831710938,111.99377513640728
2024-06-15 19:00:00,114.70534702841631,104.7523819830808
2024-06-15 20:00:00,112.5318791233142,114.53043016096971
2024-06-15 21:00:00,100.10000989789437,97.28536794853595
2024-06-15 22:00:00,104.50940085820476,100.28153868437563
2024-06-15 23:00:00,75.69528521813068,83.97623200506533
2024-06-16 00:00:00,68.76247672895416,77.92113262062516
2024-06-16 01:00:00,94.74646990184524,85.78997185121203
2024-06-16 02:00:00,96.91008037953807,92.91522324190736
2024-06-16 03:00:00,82.00027978008976,85.73809857982108
2024-06-16 04:00:00,104.45136148897463,96.68010104179723
2024-06-16 05:00:00,110.40999593419536,106.39229972689465
2024-06-16 06:00:00,112.90809078130549,110.72859976634001
2024-06-16 07:00:00,121.6500604782342,114.60332417618145
2024-06-16 08:00:00,123.46989201320416,119.66855589936281
2024-06-16 09:00:00,127.09154517748657,123.38566247411543
2024-06-16 10:00:00,119.77762246471384,121.08793368459173
2024-06-16 11:00:00,120.7541269838004,116.94750819128956
2024-06-16 12:00:00,123.66990384667885,121.8204815033132
2024-06-16 13:00:00,115.13189858910239,114.82552630145565
2024-06-16 14:00:00,119.74762788490058,120.85019679674504
2024-06-16 15:00:00,113.91303885275741,114.70849913906297
2024-06-16 16:00:00,123.0311890834256,121.66420956617537
2024-06-16 17:00:00,119.20494207156244,120.5590099502984
2024-06-16 18:00:00,122.0895144038979,124.72707331280282
2024-06-16 19:00:00,111.50362300961181,112.02764700485706
2024-06-16 20:00:00,98.66911813588912,97.94074809030403
2024-06-16 21:00:00,82.87904326805385,85.76914015857088
2024-06-16 22:00:00,80.12210847002862,79.96193648655515
2024-06-16 23:00:00,82.56723398368281,78.86206786724047
2024-06-17 00:00:00,82.87057704236248,84.8521430602565
2024-06-17 01:00:00,80.04443714503661,84.26370266487449
2024-06-17 02:00:00,88.02686584093694,93.66660440603442
2024-06-17 03:00:00,112.42505445915809,103.51617316858984
2024-06-17 04:00:00,117.65288951049939,112.24064295053242
2024-06-17 05:00:00,118.86613018975397,118.82347203984287
2024-06-17 06:00:00,127.58213387862065,122.43574373920563
2024-06-17 07:00:00,124.03498507121178,124.53037778492877
2024-06-17 08:00:00,132.5678354098746,130.52170686295082
2024-06-17 09:00:00,134.9638955214014,132.961334195346
2024-06-17 10:00:00,125.35831966091011,123.87161181335887
2024-06-17 11:00:00,121.72470200982009,129.62133227898047
2024-06-17 12:00:00,125.01477759057204,128.15575767054617
2024-06-17 13:00:00,128.2989923833267,120.40042091973888
2024-06-17 14:00:00,109.19431782891606,120.74000243233274
2024-06-17 15:00:00,122.51322956935373,123.53124903513284
2024-06-17 16:00:00,137.85423193327455,132.3879839397561
2024-06-17 17:00:00,128.3574427032222,127.39745178500054
2024-06-17 18:00:00,129.16523006105348,132.41489022957566
2024-06-17 19:00:00,121.56537913034339,121.6606288988037
2024-06-17 20:00:00,110.08367606968721,114.55806254725594
2024-06-17 21:00:00,104.18132439004728,101.8425765832715
2024-06-17 22:00:00,96.68157141594365,99.20573032377665
2024-06-17 23:00:00,93.4625692051119,86.00063590303223
2024-06-18 00:00:00,104.6067962232277,96.33610603861814
2024-06-18 01:00:00,96.22818681379617,96.97364225616474
2024-06-18 02:00:00,97.87748884190299,108.68321419708035
2024-06-18 03:00:00,102.05487730225221,108.3457694441528
2024-06-18 04:00:00,114.65968491552592,117.69039732032986
2024-06-18 05:00:00,121.43004360909443,118.48924660318795
2024-06-18 06:00:00,112.70538023571044,118.05732977880817
2024-06-18 07:00:00,124.21855818595989,124.13890721367646
2024-06-18 08:00:00,126.74553246670345,124.46879818566109
2024-06-18 09:00:00,131.88419321748793,129.29138719922096
2024-06-18 10:00:00,127.83867131060845,131.01670825629606
2024-06-18 11:00:00,122.93274784843962,130.2964432923125
2024-06-18 12:00:00,135.29493675674254,120.67016442843838
2024-06-18 13:00:00,129.53449043957627,125.14243324944614
2024-06-18 14:00:00,120.80494979966247,121.15774540407314
2024-06-18 15:00:00,137.36498461115366,132.21785402468464
2024-06-18 16:00:00,138.5367840039735,133.96592748228852
2024-06-18 17:00:00,135.85058862186574,130.00838962743242
2024-06-18 18:00:00,130.52668455818693,124.15471484955242
2024-06-18 19:00:00,121.7151837648499,119.55947163147086
2024-06-18 20:00:00,115.39830905923485,115.33386683505177
2024-06-18 21:00:00,107.80166626402287,115.1812630802413
2024-06-18 22:00:00,106.6322091884715,97.58027754875627
2024-06-18 23:00:00,81.64876645783495,91.61651930239422
2024-06-19 00:00:00,86.54767916662854,93.21544449089528
2024-06-19 01:00:00,90.09666181494455,92.94218866090895
2024-06-19 02:00:00,103.58601429931029,103.5353471153312
2024-06-19 03:00:00,96.04238629782219,96.73083685994243
2024-06-19 04:00:00,121.82478375074416,116.96011855459048
2024-06-19 05:00:00,121.36092968175133,119.53780069100608
2024-06-19 06:00:00,130.8715779698262,120.67751775000555
2024-06-19 07:00:00,125.34261190154156,128.7753941950133
2024-06-19 08:00:00,135.09637191304626,133.74271703899052
2024-06-19 09:00:00,130.4566358634375,128.8276085632603
2024-06-19 10:00:00,115.71796075440058,123.28345221143246
2024-06-19 11:00:00,138.0680566882486,132.27089015121712
2024-06-19 12:00:00,116.96660840835891,125.20873439055724
2024-06-19 13:00:00,131.65756576087182,122.00058936826636
2024-06-19 14:00:00,119.1511841470155,121.21930493155118
2024-06-19 15:00:00,133.73158637994428,135.25970405283294
2024-06-19 16:00:00,124.64515318591418,127.97819183652861
2024-06-19 17:00:00,130.58990490399367,136.55524760020162
2024-06-19 18:00:00,139.53131462393807,126.87081653001401
2024-06-19 19:00:00,126.16498017547218,122.69447198362246
2024-06-19 20:00:00,113.90573217610645,122.49731881912025
2024-06-19 21:00:00,116.41653834514159,109.17609897100503
2024-06-19 22:00:00,97.72157583777285,94.84819524342116
2024-06-19 23:00:00,89.91228188018856,90.38238068951486
2024-06-20 00:00:00,91.39977874782423,88.22428029951105
2024-06-20 01:00:00,95.79285649724075,97.44866717448784
2024-06-20 02:00:00,108.39168699405236,98.60540004619381
2024-06-20 03:00:00,108.66061898806178,112.80482626699143
2024-06-20 04:00:00,111.55841717883001,113.57347313143819
2024-06-20 05:00:00,116.52449383920596,121.79616506978287
2024-06-20 06:00:00,121.06494869762106,122.90303309512832
2024-06-20 07:00:00,133.5430986062217,121.8059653259648
2024-06-20 08:00:00,131.0367481215834,136.75022288294585
2024-06-20 09:00:00,123.80238932043609,125.02889871704298
2024-06-20 10:00:00,129.4447076236623,136.29748240989883
2024-06-20 11:00:00,124.25388113531864,125.98741537128676
2024-06-20 12:00:00,125.71685844372965,124.30910310482633
2024-06-20 13:00:00,123.61537361174729,126.99590172884115
2024-06-20 14:00:00,130.20798284056673,126.58320905107718
2024-06-20 15:00:00,133.35001325113905,135.44089870002904
2024-06-20 16:00:00,140.30978745916016,134.13302483389526
2024-06-20 17:00:00,138.28564067660318,127.30075951010373
2024-06-20 18:00:00,119.77731812398542,123.10589696358575
2024-06-20 19:00:00,121.17017409923879,122.28896025684755
2024-06-20 20:00:00,113.52952295996656,115.44036800962857
2024-06-20 21:00:00,113.57563204901459,108.95661550933794
2024-06-20 22:00:00,99.47568042923498,99.55932909672751
2024-06-20 23:00:00,96.8320681371768,93.79358535297497
2024-06-21 00:00:00,85.28645437651939,83.6171098207139
2024-06-21 01:00:00,103.50920019692822,102.22913144132677
2024-06-21 02:00:00,105.27439497327133,97.69895899829336
2024-06-21 03:00:00,109.10100889065912,108.41932684820415
2024-06-21 04:00:00,120.68823101728869,118.44385676514867
2024-06-21 05:00:00,127.48082376386692,123.00008323879445
2024-06-21 06:00:00,121.17689330919939,123.30262758579178
2024-06-21 07:00:00,126.12468470546627,124.77815933527818
2024-06-21 08:00:00,123.44516446032121,128.35617970020974
2024-06-21 09:00:00,138.38787635445945,131.8005225241091
2024-06-21 10:00:00,120.54171627263267,132.00982432471272
2024-06-21 11:00:00,127.69801908458761,127.14036925244584
2024-06-21 12:00:00,133.6194194515559,127.7102828290503
2024-06-21 13:00:00,121.72049939142633,127.24943858821804
2024-06-21 14:00:00,125.09235152676032,122.94185213800037
2024-06-21 15:00:00,124.534089542526,127.15567845259363
2024-06-21 16:00:00,137.22168096980573,139.29615338383277
2024-06-21 17:00:00,148.67363676830018,140.50962003228477
2024-06-21 18:00:00,126.5484059832749,124.17666310648993
2024-06-21 19:00:00,112.12686837625968,121.267039792647
2024-06-21 20:00:00,111.84242077052667,117.30424969159122
2024-06-21 21:00:00,108.66031628112535,100.91062127107418
2024-06-21 22:00:00,97.54673223694954,93.39861420255302
2024-06-21 23:00:00,101.26696736449694,89.46254773127785
2024-06-22 00:00:00,89.0232842356726,83.36295861186025
2024-06-22 01:00:00,79.20611752569685,78.40295538398722
2024-06-22 02:00:00,107.4670202201439,95.37316936279261
2024-06-22 03:00:00,94.89589597841086,101.19042103493166
2024-06-22 04:00:00,99.64946776523861,105.26083652198626
2024-06-22 05:00:00,101.95075717297887,108.06480190086197
2024-06-22 06:00:00,97.96724004606573,105.67545471487871
2024-06-22 07:00:00,124.92770094735118,111.59125163934024
2024-06-22 08:00:00,127.18858825754872,116.94015851124693
2024-06-22 09:00:00,117.67564841448164,121.64732324888254
2024-06-22 10:00:00,117.51734979154175,120.96102950484061
2024-06-22 11:00:00,109.40885055300487,113.27915952153657
2024-06-22 12:00:00,107.85487339703624,113.13244188448274
2024-06-22 13:00:00,105.5416225775816,114.77028801127031
2024-06-22 14:00:00,115.43509237733096,115.92234400757523
2024-06-22 15:00:00,119.12270592072156,118.51393583464251
2024-06-22 16:00:00,114.59720443582617,116.95287381619215
2024-06-22 17:00:00,125.46372773025709,125.56925560080512
2024-06-22 18:00:00,132.36161438384445,124.94908663974138
2024-06-22 19:00:00,111.11221855844597,112.08986712373743
2024-06-22 20:00:00,107.42371984446146,108.99671503532238
2024-06-22 21:00:00,103.46687284510422,98.9801779364896
2024-06-22 22:00:00,88.6476069120572,87.24235913073647
2024-06-22 23:00:00,76.27279886270074,80.68423355098554
2024-06-23 00:00:00,80.61493473204231,76.40015292197819
2024-06-23 01:00:00,88.9245640660581,84.42109226050852
2024-06-23 02:00:00,93.42528180502322,103.98166815552199
2024-06-23 03:00:00,100.46245375007705,96.53933726962445
2024-06-23 04:00:00,110.37981471821608,102.72282268911366
2024-06-23 05:00:00,101.34604194327761,110.02723012193537
2024-06-23 06:00:00,109.23655149230598,105.44211806321734
2024-06-23 07:00:00,116.7586177714426,115.6295790103688
2024-06-23 08:00:00,114.02877145535876,120.21801897533734
2024-06-23 09:00:00,124.5594986478902,118.94496434850218
2024-06-23 10:00:00,132.5616570649646,127.0961677112681
2024-06-23 11:00:00,107.19280368172076,116.6526554293368
2024-06-23 12:00:00,115.03318812750425,112.13127321309248
2024-06-23 13:00:00,104.53171325130693,111.98147209369075
2024-06-23 14:00:00,117.7170200147615,113.50512337395115
2024-06-23 15:00:00,114.82237662000168,116.88614764845401
2024-06-23 16:00:00,114.24423703225342,115.75292276592849
2024-06-23 17:00:00,139.78363620086657,124.41847435284977
2024-06-23 18:00:00,131.9165575836226,127.10068967291768
2024-06-23 19:00:00,108.90654782145516,115.41484381955217
2024-06-23 20:00:00,93.589551302897,101.16631949608247
2024-06-23 21:00:00,99.83301484252263,101.00186414576152
2024-06-23 22:00:00,102.01138211525213,101.23213566787997
2024-06-23 23:00:00,81.53478435446591,80.55948089497062
2024-06-24 00:00:00,87.18226651951045,93.3012950385845
2024-06-24 01:00:00,83.3648701397127,91.930207449142
2024-06-24 02:00:00,96.48021902182452,94.85864363030794
2024-06-24 03:00:00,100.10113407675814,100.01459601463446
2024-06-24 04:00:00,123.16888304353057,113.27112014327753
2024-06-24 05:00:00,114.55745193539612,116.31731310902765
2024-06-24 06:00:00,134.04158373337896,123.96424801463556
2024-06-24 07:00:00,106.34671345013264,114.89543598385788
2024-06-24 08:00:00,117.00031107116344,123.13378885593652
2024-06-24 09:00:00,119.12335496453117,125.30923967514892
2024-06-24 10:00:00,134.66394551540486,127.6940620580553
2024-06-24 11:00:00,134.20288090731094,126.1011103310633
2024-06-24 12:00:00,124.89882970540442,127.93694089620114
2024-06-24 13:00:00,125.2828463628469,126.63332415346942
2024-06-24 14:00:00,118.92763806728372,124.14377441330738
2024-06-24 15:00:00,117.64630470379458,125.68195274714009
2024-06-24 16:00:00,125.77996447637312,124.46433901281912
2024-06-24 17:00:00,134.31421265123586,129.23920608276822
2024-06-24 18:00:00,125.9301468916068,125.46916263395075
2024-06-24 19:00:00,123.84355783627205,129.04935269166214
2024-06-24 20:00:00,134.31019952531938,121.49942503060733
2024-06-24 21:00:00,98.26063305845742,107.29199483833533
2024-06-24 22:00:00,97.69593359232273,97.16557666234804
2024-06-24 23:00:00,85.50714467147452,92.81576594825702
2024-06-25 00:00:00,82.35985153136228,85.2981541585289
2024-06-25 01:00:00,98.70834258061834,94.41105508815345
2024-06-25 02:00:00,110.97946529298581,108.52322143776023
2024-06-25 03:00:00,108.73092376185177,109.05081739444014
2024-06-25 04:00:00,115.6856470071213,118.128861594841
2024-06-25 05:00:00,111.8961881574527,120.27102509738914
2024-06-25 06:00:00,115.63245574156873,119.29238131286068
2024-06-25 07:00:00,133.81841785112942,130.75939506447202
2024-06-25 08:00:00,127.25471031656095,124.98462331575527
2024-06-25 09:00:00,133.2381928002251,132.82394178027238
2024-06-25 10:00:00,115.81876459757675,123.28560802772486
2024-06-25 11:00:00,115.62631466821021,124.85696160868862
2024-06-25 12:00:00,120.92460414237719,127.80206501615993
2024-06-25 13:00:00,124.11317664736009,120.39489008894483
2024-06-25 14:00:00,126.40466492888872,120.61336721003703
2024-06-25 15:00:00,134.1050908068482,127.2161532089697
2024-06-25 16:00:00,142.2145818473963,138.48850925804348
2024-06-25 17:00:00,115.6643471937085,127.07423496823522
2024-06-25 18:00:00,125.3159091298517,130.4899374290863
2024-06-25 19:00:00,119.18315957965747,118.67469807238817
2024-06-25 20:00:00,114.70217077086953,113.66158580565123
2024-06-25 21:00:00,111.60313870156752,111.33964491119495
2024-06-25 22:00:00,96.0231121876884,95.12443924698073
2024-06-25 23:00:00,97.92676249789625,93.35065933952856
2024-06-26 00:00:00,93.24827654464033,94.29833731814449
2024-06-26 01:00:00,91.16904417259425,93.12202059439824
2024-06-26 02:00:00,110.28677194039244,107.88524573149381
2024-06-26 03:00:00,104.75863728649595,108.0517898260261
2024-06-26 04:00:00,106.22455275513303,113.1127612371703
2024-06-26 05:00:00,108.1928891086066,111.07974932617941
2024-06-26 06:00:00,121.9269091721381,122.22655878313395
2024-06-26 07:00:00,136.61899577910526,129.2923246936859
2024-06-26 08:00:00,124.75898434193688,125.13596343149875
2024-06-26 09:00:00,136.54578844312059,134.78056322299798
2024-06-26 10:00:00,123.29815275546122,128.32944027549271
2024-06-26 11:00:00,127.60117714274915,124.08223478698724
2024-06-26 12:00:00,126.54890769017307,127.79636736228
2024-06-26 13:00:00,119.22282453732905,120.49316318098857
2024-06-26 14:00:00,128.6033409469788,121.0563107046424
2024-06-26 15:00:00,133.49879587198427,131.44777478162862
2024-06-26 16:00:00,123.62900364937339,133.5087028922035
2024-06-26 17:00:00,119.47492907752385,127.23870281310576
2024-06-26 18:00:00,125.72396246145374,118.80297706217918
2024-06-26 19:00:00,125.73848238716181,138.5583588887682
2024-06-26 20:00:00,122.9995875332479,120.02134851234145
2024-06-26 21:00:00,100.5655540284841,103.55257108128731
2024-06-26 22:00:00,96.48760678962705,96.33840393731536
2024-06-26 23:00:00,83.91328110947745,85.89952010354496
2024-06-27 00:00:00,92.09354012445738,82.44019604585344
2024-06-27 01:00:00,103.46624663545471,91.12018212828816
2024-06-27 02:00:00,88.4980831814067,94.22570299432645
2024-06-27 03:00:00,107.11794565244966,106.75617836458156
2024-06-27 04:00:00,109.32502583133851,108.79633875400395
2024-06-27 05:00:00,111.37463626136382,110.25067880352093
2024-06-27 06:00:00,117.99903053549625,122.43682649902465
2024-06-27 07:00:00,122.86677797203761,125.08557436583696
2024-06-27 08:00:00,133.93863842803307,140.60129426911183
2024-06-27 09:00:00,124.82083346164376,124.7960825300712
2024-06-27 10:00:00,133.19853282548442,132.70801536507065
2024-06-27 11:00:00,120.08665530566668,133.34082411454546
2024-06-27 12:00:00,123.14933548179688,120.1081901892713
2024-06-27 13:00:00,121.1729137588277,120.17444717275981
2024-06-27 14:00:00,134.0215312536938,127.05526909648758
2024-06-27 15:00:00,130.43335513880638,128.07357086232426
2024-06-27 16:00:00,116.5321201217255,127.22828628931853
2024-06-27 17:00:00,116.6138669141512,127.02988117996472
2024-06-27 18:00:00,121.35959621214312,125.1485377836286
2024-06-27 19:00:00,120.85053605558208,119.54129302012942
2024-06-27 20:00:00,126.28671442423348,117.61469223139123
2024-06-27 21:00:00,105.99927501886745,106.96928186357583
2024-06-27 22:00:00,96.70148326481211,94.30433162759546
2024-06-27 23:00:00,85.84001450826716,97.99256570821206
2024-06-28 00:00:00,89.73036700532998,84.08148195278598
2024-06-28 01:00:00,98.8882440501066,92.88563296027682
2024-06-28 02:00:00,84.98555551860771,93.42314660756082
2024-06-28 03:00:00,108.50962497461012,100.19834880697482
2024-06-28 04:00:00,110.17942656911306,108.50076410281673
2024-06-28 05:00:00,112.63814553188752,107.10751795847086
2024-06-28 06:00:00,113.30491020677603,117.2376009604458
2024-06-28 07:00:00,136.36513940372268,124.71064769085685
2024-06-28 08:00:00,116.68452453726181,123.37291253962132
2024-06-28 09:00:00,126.52514985110966,124.75224262209383
2024-06-28 10:00:00,130.95291248187388,126.42266448172748
2024-06-28 11:00:00,126.90155212298208,131.82041455230703
2024-06-28 12:00:00,133.7527670328172,124.69266666919557
2024-06-28 13:00:00,121.76954044501008,121.61900175263483
2024-06-28 14:00:00,128.04766906377708,124.6441634207244
2024-06-28 15:00:00,130.58911924306454,139.3527371552391
2024-06-28 16:00:00,139.5862649164674,130.78772620485765
2024-06-28 17:00:00,122.75032142281398,127.73014053651042
2024-06-28 18:00:00,134.67097453430827,133.46429228704147
2024-06-28 19:00:00,111.82104541063657,118.65048754941827
2024-06-28 20:00:00,116.69317157513775,113.88418572979164
2024-06-28 21:00:00,103.30551388077266,101.3201895142781
2024-06-28 22:00:00,99.36529524039955,94.32726258801353
2024-06-28 23:00:00,80.15468220765246,85.507337830797
